<FACULTY><FACULTY_MEMBER><NAME><FIRST>Stephen</FIRST><MIDDLE>S.</MIDDLE><LAST>Yau</LAST></NAME><POSITION>Professor and Chair</POSITION><EDUCATION>Ph.D. University of Illinois at Urbana-Champaign</EDUCATION><YEAR>1961</YEAR><INTERESTS>Software engineering, parallel processing and distributed computing systems, embeded systems</INTERESTS></FACULTY_MEMBER><FACULTY_MEMBER><NAME><FIRST>Edward</FIRST><MIDDLE>A.</MIDDLE><LAST>Ashcroft</LAST></NAME><POSITION>Professor</POSITION><EDUCATION>Ph.D. University of London (Imperial College), England</EDUCATION><YEAR>1970</YEAR><INTERESTS>Program verification, declarative language, intensional programming, high-level parallel programming language, language Lucid</INTERESTS></FACULTY_MEMBER><FACULTY_MEMBER><NAME><FIRST>Chitta</FIRST><LAST>Baral</LAST></NAME><POSITION>Associate Professor</POSITION><EDUCATION>Ph.D. University of Maryland</EDUCATION><YEAR>1991</YEAR><INTERESTS>Artificial intelligence, multimedia, visualization of databases</INTERESTS></FACULTY_MEMBER><FACULTY_MEMBER><NAME><FIRST>Rida</FIRST><MIDDLE>A.</MIDDLE><LAST>Bazzi</LAST></NAME><POSITION>Assistant Professor</POSITION><EDUCATION>Ph.D. Georgia Institute of Technology</EDUCATION><YEAR>1994</YEAR><INTERESTS>Distributed computing, software engineering for distributed systems, fault-tolerance algorithms, computer vision</INTERESTS></FACULTY_MEMBER><FACULTY_MEMBER><NAME><FIRST>Sourav</FIRST><LAST>Bhattacharya</LAST></NAME><POSITION>Associate Professor</POSITION><EDUCATION>Ph.D. University of Minnesota</EDUCATION><YEAR>1993</YEAR><INTERESTS>Networked and parallel computing, dependable communication, ATM networks</INTERESTS></FACULTY_MEMBER><FACULTY_MEMBER><NAME><FIRST>K.</FIRST><MIDDLE>Selcuk</MIDDLE><LAST>Candan</LAST></NAME><POSITION>Assistant Professor</POSITION><EDUCATION>Ph.D. University of Maryland</EDUCATION><YEAR>1997</YEAR><INTERESTS>Distributed multimedia systems, video servers for video-on-demand systems, content based video indexing, query / retrieval of multimedia data, security, query processing</INTERESTS></FACULTY_MEMBER><FACULTY_MEMBER><NAME><FIRST>James</FIRST><MIDDLE>S.</MIDDLE><LAST>Collofello</LAST></NAME><POSITION>Professor</POSITION><EDUCATION>Ph.D. Northwestern University</EDUCATION><YEAR>1978</YEAR><INTERESTS>Software engineering, project management</INTERESTS></FACULTY_MEMBER><FACULTY_MEMBER><NAME><FIRST>Partha</FIRST><LAST>Dasgupta</LAST></NAME><POSITION>Associate Professor</POSITION><EDUCATION>Ph.D. State University of New York at Stony Brook</EDUCATION><YEAR>1984</YEAR><INTERESTS>Distributed operating systems, system software</INTERESTS></FACULTY_MEMBER><FACULTY_MEMBER><NAME><FIRST>Joseph</FIRST><LAST>DeLibero</LAST></NAME><POSITION>Lecturer</POSITION><EDUCATION>M.S. Purdue University</EDUCATION><YEAR>1972</YEAR></FACULTY_MEMBER><FACULTY_MEMBER><NAME><FIRST>Suzanne</FIRST><MIDDLE>W.</MIDDLE><LAST>Dietrich</LAST></NAME><POSITION>Associate Professor</POSITION><EDUCATION>Ph.D. State University of New York at Stony Brook</EDUCATION><YEAR>1987</YEAR><INTERESTS>Databases, knowledge management, object management, active features</INTERESTS></FACULTY_MEMBER><FACULTY_MEMBER><NAME><FIRST>Leonard</FIRST><LAST>Faltz</LAST></NAME><POSITION>Associate Professor</POSITION><EDUCATION>Ph.D. University of California, Berkeley</EDUCATION><YEAR>1977</YEAR><INTERESTS>Formal linguistics, computational linguistics</INTERESTS></FACULTY_MEMBER><FACULTY_MEMBER><NAME><FIRST>Gerald</FIRST><MIDDLE>E.</MIDDLE><LAST>Farin</LAST></NAME><POSITION>Professor</POSITION><EDUCATION>Ph.D. Technical University of Braunschweig</EDUCATION><YEAR>1979</YEAR><INTERESTS>Computer aided geometric design, NURBS</INTERESTS></FACULTY_MEMBER><FACULTY_MEMBER><NAME><FIRST>Nicholas</FIRST><MIDDLE>V.</MIDDLE><LAST>Findler</LAST></NAME><POSITION>Professor Emeritus</POSITION><EDUCATION>Ph.D. Budapest University of Technical Sciences</EDUCATION><YEAR>1956</YEAR><INTERESTS>Artificial intelligence, heuristic programming, expert systems, pattern recognition, information retrieval</INTERESTS></FACULTY_MEMBER><FACULTY_MEMBER><NAME><FIRST>Barbara</FIRST><LAST>Gannod</LAST></NAME><POSITION>Lecturer</POSITION><EDUCATION>Ph.D. Michigan State University</EDUCATION><YEAR>1997</YEAR><INTERESTS>Pure and applied graph theory, algorithm design and analysis, parallel processing, engineering education</INTERESTS></FACULTY_MEMBER><FACULTY_MEMBER><NAME><FIRST>Gerald</FIRST><MIDDLE>C.</MIDDLE><LAST>Gannod</LAST></NAME><POSITION>Assistant Professor</POSITION><EDUCATION>Ph.D. Michigan State University</EDUCATION><YEAR>1998</YEAR><INTERESTS>Software engineering, formal methods for software development, reverse engineering, reengineering, object-oriented analysis and design</INTERESTS></FACULTY_MEMBER><FACULTY_MEMBER><NAME><FIRST>Sumit</FIRST><LAST>Ghosh</LAST></NAME><POSITION>Associate Professor and Associate Chair for Research and Graduate Programs</POSITION><EDUCATION>Ph.D. Stanford University</EDUCATION><YEAR>1984</YEAR><INTERESTS>Networking and distributed algorithms</INTERESTS></FACULTY_MEMBER><FACULTY_MEMBER><NAME><FIRST>Forouzan</FIRST><LAST>Golshani</LAST></NAME><POSITION>Professor</POSITION><EDUCATION>Ph.D. University of Warwick, England</EDUCATION><YEAR>1982</YEAR><INTERESTS>Multimedia information system, digital video processing, advanced databases, intelligent systems</INTERESTS></FACULTY_MEMBER><FACULTY_MEMBER><NAME><FIRST>Ben</FIRST><MIDDLE>M.</MIDDLE><LAST>Huey</LAST></NAME><POSITION>Associate Professor and Associate Dean for Planning and Administration</POSITION><EDUCATION>College of Engineering and Applied Science, Ph.D. University of Arizona</EDUCATION><YEAR>1975</YEAR><INTERESTS>Language-based models for architecture, silicon compilation, design verification, automatic test generation</INTERESTS></FACULTY_MEMBER><FACULTY_MEMBER><NAME><FIRST>Subbarao</FIRST><LAST>Kambhampati</LAST></NAME><POSITION>Professor</POSITION><EDUCATION>Ph.D. University of Maryland</EDUCATION><YEAR>1989</YEAR><INTERESTS>Artificial intelligence, automated planning, machine learning</INTERESTS></FACULTY_MEMBER><FACULTY_MEMBER><NAME><FIRST>William</FIRST><MIDDLE>E.</MIDDLE><LAST>Lewis</LAST></NAME><POSITION>Professor and Vice Provost for Information Technology</POSITION><EDUCATION>Ph.D. Northwestern University</EDUCATION><YEAR>1966</YEAR><INTERESTS>Analytical modelling, information systems</INTERESTS></FACULTY_MEMBER><FACULTY_MEMBER><NAME><FIRST>Huan</FIRST><LAST>Liu</LAST></NAME><POSITION>Associate Professor</POSITION><EDUCATION>Ph.D. University of Southern Califonia</EDUCATION><YEAR>1989</YEAR><INTERESTS>Data mining, Data warehousing, artificial intelligence, machine learning</INTERESTS></FACULTY_MEMBER><FACULTY_MEMBER><NAME><FIRST>Donald</FIRST><MIDDLE>S.</MIDDLE><LAST>Miller</LAST></NAME><POSITION>Associate Professor</POSITION><EDUCATION>Ph.D. University of Southern California</EDUCATION><YEAR>1972</YEAR><INTERESTS>Address space operating systems, distributed and multiprocessor operating systems, computer architecture, local area networks</INTERESTS></FACULTY_MEMBER><FACULTY_MEMBER><NAME><FIRST>Faye</FIRST><LAST>Navabi</LAST></NAME><POSITION>Lecturer</POSITION><EDUCATION>M.S. University of Southwestern Louisiana</EDUCATION><YEAR>1991</YEAR></FACULTY_MEMBER><FACULTY_MEMBER><NAME><FIRST>Gregory</FIRST><MIDDLE>M.</MIDDLE><LAST>Nielson</LAST></NAME><POSITION>Professor</POSITION><EDUCATION>Ph.D. University of Utah</EDUCATION><YEAR>1970</YEAR><INTERESTS>Interactive design of curves and surfaces, multivariate data fitting, computer-aided geometric design, computer graphics, visualization of scientific computing</INTERESTS></FACULTY_MEMBER><FACULTY_MEMBER><NAME><FIRST>Pearse</FIRST><LAST>O'Grady</LAST></NAME><POSITION>Associate Professor and Associate Chair for Undergraduate Programs</POSITION><EDUCATION>Ph.D. University of Arizona</EDUCATION><YEAR>1969</YEAR><INTERESTS>Parallel processing, computer architecture, continuous system simulation</INTERESTS></FACULTY_MEMBER><FACULTY_MEMBER><NAME><FIRST>Sethuraman</FIRST><LAST>Panchanathan</LAST></NAME><POSITION>Associate Professor</POSITION><EDUCATION>Ph.D. University of Ottawa</EDUCATION><YEAR>1989</YEAR><INTERESTS>Multimedia computing and communications, multimedia hardware architectures, VLSI architectures for real-time video processing, indexing / storage / browsing / retrieval of image and video</INTERESTS></FACULTY_MEMBER><FACULTY_MEMBER><NAME><FIRST>David</FIRST><MIDDLE>C.</MIDDLE><LAST>Pheanis</LAST></NAME><POSITION>Associate Professor</POSITION><EDUCATION>Ph.D. Arizona State University</EDUCATION><YEAR>1974</YEAR><INTERESTS>Software/hardware interface in embedded microprocessor system, real-time system</INTERESTS></FACULTY_MEMBER><FACULTY_MEMBER><NAME><FIRST>Andrea</FIRST><MIDDLE>W.</MIDDLE><LAST>Richa</LAST></NAME><POSITION>Assistant Professor</POSITION><EDUCATION>Ph.D. Carnegie Mellon University</EDUCATION><YEAR>1998</YEAR><INTERESTS>Design and analysis of algorithms, algorithms for distributed networks, graph algorithms, approximation algorithms, combinatorial optimization, distributed network architectures, parallel computation</INTERESTS></FACULTY_MEMBER><FACULTY_MEMBER><NAME><FIRST>Arunabha</FIRST><LAST>Sen</LAST></NAME><POSITION>Associate Professor</POSITION><EDUCATION>Ph.D. University of Southern Carolina</EDUCATION><YEAR>1987</YEAR><INTERESTS>Parallel computing, computer interconnection networks, combinatorial optimization</INTERESTS></FACULTY_MEMBER><FACULTY_MEMBER><NAME><FIRST>Wei-Tek</FIRST><LAST>Tsai</LAST></NAME><POSITION>Professor</POSITION><EDUCATION>Ph.D. University of California, Berkeley</EDUCATION><YEAR>1986</YEAR><INTERESTS>Software engineering, internet, parallel and distributed processing</INTERESTS></FACULTY_MEMBER><FACULTY_MEMBER><NAME><FIRST>Joseph</FIRST><MIDDLE>E.</MIDDLE><LAST>Urban</LAST></NAME><POSITION>Professor</POSITION><EDUCATION>Ph.D. University of Southwestern Louisiana</EDUCATION><YEAR>1977</YEAR><INTERESTS>CASE, computer languages, data engineering, distributed computing, executable specification languages, software prototyping</INTERESTS></FACULTY_MEMBER><FACULTY_MEMBER><NAME><FIRST>Susan</FIRST><MIDDLE>D.</MIDDLE><LAST>Urban</LAST></NAME><POSITION>Associate Professor</POSITION><EDUCATION>Ph.D. University of Southwestern Louisiana</EDUCATION><YEAR>1987</YEAR><INTERESTS>Active database systems, heterogeneous database systems, object-oriented database systems</INTERESTS></FACULTY_MEMBER><FACULTY_MEMBER><NAME><FIRST>Michael</FIRST><MIDDLE>G.</MIDDLE><LAST>Wagner</LAST></NAME><POSITION>Assistant Professor</POSITION><EDUCATION>Ph.D. Technical University of Vienna</EDUCATION><YEAR>1994</YEAR><INTERESTS>Computer-aided geometric design, geometric modeling and processing, computer animation, theoretical kinematics, robotics and robot dynamics</INTERESTS></FACULTY_MEMBER><FACULTY_MEMBER><NAME><FIRST>Richard</FIRST><LAST>Whitehouse</LAST></NAME><POSITION>Lecturer</POSITION><EDUCATION>M.S. University of Tennessee</EDUCATION><YEAR>1985</YEAR></FACULTY_MEMBER><FACULTY_MEMBER><NAME><FIRST>Marvin</FIRST><MIDDLE>C.</MIDDLE><LAST>Woodfill</LAST></NAME><POSITION>Professor Emeritus</POSITION><EDUCATION>Ph.D. Iowa State University</EDUCATION><YEAR>1964</YEAR><INTERESTS>Digital logic, microcomputers</INTERESTS></FACULTY_MEMBER><FACULTY_MEMBER><NAME><FIRST>Goran</FIRST><LAST>Konjevod</LAST></NAME><POSITION>Assistant Professor</POSITION><EDUCATION>Ph.D. Carnegie Mellon University</EDUCATION><YEAR>2000</YEAR><INTERESTS>Design and analysis of algorithms, combinatorial optimization, graph theory, discrete mathematics</INTERESTS></FACULTY_MEMBER><FACULTY_MEMBER><NAME><FIRST>Yann-Hang</FIRST><LAST>Lee</LAST></NAME><POSITION>Professor</POSITION><EDUCATION>PhD. University of Michigan, Ann Arbor</EDUCATION><YEAR>1985</YEAR><INTERESTS>Real-time systems, computer communication, computer architecture, fault-tolerant computing, distributed/parallel systems, and performance evaluation</INTERESTS></FACULTY_MEMBER><FACULTY_MEMBER><NAME><FIRST>Yann-Hang</FIRST><LAST>Lee</LAST></NAME><POSITION>Associate Professor</POSITION><EDUCATION>Ph.D. Ohio State University</EDUCATION><YEAR>1995</YEAR><INTERESTS>Mobile computing, compilers, parallel computing, parallel I/O</INTERESTS></FACULTY_MEMBER></FACULTY>