<OFFICE_HOURS_LISTING><OFFICE_HOURS><NAME><FIRST>Sheikh</FIRST><MIDDLE>Iqbal</MIDDLE><LAST>Ahamed</LAST></NAME><OFFICE>GWC 328</OFFICE><HOURS>M 9:45 - 10:45 am
T 11:30 am - 12:30 pm
Th  4:45 - 5:45 pm</HOURS></OFFICE_HOURS><OFFICE_HOURS><NAME><FIRST>Donald</FIRST><LAST>Alpert</LAST></NAME><OFFICE>GWC 384</OFFICE><HOURS>Th 4 - 5 pm
Or by appointment</HOURS></OFFICE_HOURS><OFFICE_HOURS><NAME><FIRST>Chitta</FIRST><LAST>Baral</LAST></NAME><OFFICE>GWC 366</OFFICE><HOURS>TTh 4:40 - 5:40 pm</HOURS></OFFICE_HOURS><OFFICE_HOURS><NAME><FIRST>Rida</FIRST><LAST>Bazzi</LAST></NAME><OFFICE>GWC 336</OFFICE><HOURS>M 11:30 - 12:30 pm
W 3:05 - 4:05 pm
Th 10:30 -11:30 am</HOURS></OFFICE_HOURS><OFFICE_HOURS><NAME><FIRST>Sourav</FIRST><LAST>Bhattacharya</LAST></NAME><OFFICE>GWC 221</OFFICE><HOURS>TTh 11 am - 1 pm</HOURS></OFFICE_HOURS><OFFICE_HOURS><NAME><FIRST>Selcuk</FIRST><LAST>Candan</LAST></NAME><OFFICE>GWC 370</OFFICE><HOURS>T 2:30 - 4 pm
W 3:30 - 4:30 pm</HOURS></OFFICE_HOURS><OFFICE_HOURS><NAME><FIRST>Yinong</FIRST><LAST>Chen</LAST></NAME><OFFICE>GWC 228</OFFICE><HOURS>TTh 10:30 am - 12:30 pm</HOURS></OFFICE_HOURS><OFFICE_HOURS><NAME><FIRST>James</FIRST><LAST>Collofello</LAST></NAME><OFFICE>GWC 310</OFFICE><HOURS>MF 10:40 - 11:30 am
W 12:40 - 1:30 pm</HOURS></OFFICE_HOURS><OFFICE_HOURS><NAME><FIRST>Joseph</FIRST><LAST>DeLibero</LAST></NAME><OFFICE>GWC 382</OFFICE><HOURS>M-F 7 - 7:30 am
MWF 9:45 - 10:15 am
TTh 9 - 9:30 am</HOURS></OFFICE_HOURS><OFFICE_HOURS><NAME><FIRST>Suzanne</FIRST><LAST>Dietrich</LAST></NAME><OFFICE>GWC 368</OFFICE><HOURS>T 3 - 4 pm
W 9:30 -10:30 am
Th 3 - 4 pm</HOURS></OFFICE_HOURS><OFFICE_HOURS><NAME><FIRST>Leonard</FIRST><LAST>Faltz</LAST></NAME><OFFICE>GWC 314</OFFICE><HOURS>W 2 - 3:30 pm
Th 10 - 11:30 am
Or by appointment</HOURS></OFFICE_HOURS><OFFICE_HOURS><NAME><FIRST>Gerald</FIRST><LAST>Farin</LAST></NAME><OFFICE>GWC 340</OFFICE><HOURS>TTh 10:30 - 11:30
W 12 - 1 pm</HOURS></OFFICE_HOURS><OFFICE_HOURS><NAME><FIRST>Nicholas</FIRST><LAST>Findler</LAST></NAME><OFFICE>GWC 311</OFFICE><HOURS>T 2 - 3 pm</HOURS></OFFICE_HOURS><OFFICE_HOURS><NAME><FIRST>Barbara</FIRST><LAST>Gannod</LAST></NAME><OFFICE>GWC 378</OFFICE><HOURS>M 9:45 - 10:45 am, 2:45 - 4:30 pm
W 9:45 - 10:45 am, 2:45 - 3:45 pm
F 9:45 - 10:45 am</HOURS></OFFICE_HOURS><OFFICE_HOURS><NAME><FIRST>Gerald</FIRST><LAST>Gannod</LAST></NAME><OFFICE>GWC 324</OFFICE><HOURS>T 10 - 11:30 am
Th 3:15 - 4:30 pm
Or by appointment</HOURS></OFFICE_HOURS><OFFICE_HOURS><NAME><FIRST>Sumit</FIRST><LAST>Ghosh</LAST></NAME><OFFICE>GWC 206</OFFICE><HOURS>MTWF 1 - 2 pm</HOURS></OFFICE_HOURS><OFFICE_HOURS><NAME><FIRST>Forouzan</FIRST><LAST>Golshani</LAST></NAME><OFFICE>GWC 351</OFFICE><HOURS>MW  2:30 - 3:15 pm
T 11 -12 am</HOURS></OFFICE_HOURS><OFFICE_HOURS><NAME><FIRST>Sandeep</FIRST><LAST>Gupta</LAST></NAME><OFFICE>GWC 224A</OFFICE><HOURS>TTh 10-11:30 am</HOURS></OFFICE_HOURS><OFFICE_HOURS><NAME><FIRST>Ben</FIRST><LAST>Huey</LAST></NAME><OFFICE>GWC 374</OFFICE><HOURS>TTh 2:30-3:30 pm
or by appointment</HOURS></OFFICE_HOURS><OFFICE_HOURS><NAME><FIRST>Lance</FIRST><LAST>Johnson</LAST></NAME><OFFICE>GWC 354</OFFICE><HOURS>MW 6:30  -7:30 pm</HOURS></OFFICE_HOURS><OFFICE_HOURS><NAME><FIRST>Subbarao</FIRST><LAST>Kambhampati</LAST></NAME><OFFICE>GWC 374</OFFICE><HOURS>MW 3 - 4 pm</HOURS></OFFICE_HOURS><OFFICE_HOURS><NAME><FIRST>Goran</FIRST><LAST>Konjevod</LAST></NAME><OFFICE>GWC 312</OFFICE><HOURS>TTh 4:30  -6 pm</HOURS></OFFICE_HOURS><OFFICE_HOURS><NAME><FIRST>Yann-Hang</FIRST><LAST>Lee</LAST></NAME><OFFICE>GWC 224B</OFFICE><HOURS>MW 4 - 5:30 pm</HOURS></OFFICE_HOURS><OFFICE_HOURS><NAME><FIRST>Huan</FIRST><LAST>Liu</LAST></NAME><OFFICE>GWC 342</OFFICE><HOURS>MWF 8:50 -10:10 am
or by appointment</HOURS></OFFICE_HOURS><OFFICE_HOURS><NAME><FIRST>Stephanie</FIRST><LAST>Ludi</LAST></NAME><OFFICE>GWC 376</OFFICE><HOURS>MW 10:40 am -12:20 pm</HOURS></OFFICE_HOURS><OFFICE_HOURS><NAME><FIRST>Donald</FIRST><LAST>Miller</LAST></NAME><OFFICE>GWC 348</OFFICE><HOURS>W 10 - 11 am
Th  12:10 - 1:10 pm
TTh 8 - 8:30 am (EC G236)</HOURS></OFFICE_HOURS><OFFICE_HOURS><NAME><FIRST>Mutsumi</FIRST><LAST>Nakamura</LAST></NAME><OFFICE>GWC 376</OFFICE><HOURS>MW 10:30 - 11:15 am
F 10:30 am - 12 pm</HOURS></OFFICE_HOURS><OFFICE_HOURS><NAME><FIRST>Faye</FIRST><LAST>Navabi</LAST></NAME><OFFICE>GWC 380</OFFICE><HOURS>MWF 1 - 2:15 pm
T 10:30 - 12 am</HOURS></OFFICE_HOURS><OFFICE_HOURS><NAME><FIRST>Gregory</FIRST><LAST>Nielson</LAST></NAME><OFFICE>GWC 338</OFFICE><HOURS>T 6:30 - 7:30 pm
Th 4:15 - 5:15 pm
Or by appointment</HOURS></OFFICE_HOURS><OFFICE_HOURS><NAME><FIRST>Pearse</FIRST><LAST>O'Grady</LAST></NAME><OFFICE>GWC 206</OFFICE><HOURS>W 2:30 - 3:30 pm</HOURS></OFFICE_HOURS><OFFICE_HOURS><NAME><FIRST>David</FIRST><LAST>Pheanis</LAST></NAME><OFFICE>GWC 318</OFFICE><HOURS>MW 8 - 9 am, 2 - 3 pm, 5 - 6:30 pm
Th 6:30 - 7:30 pm</HOURS></OFFICE_HOURS><OFFICE_HOURS><NAME><FIRST>Perry</FIRST><LAST>Reinert</LAST></NAME><OFFICE>GWC 322</OFFICE><HOURS>TTh 6 - 7 pm</HOURS></OFFICE_HOURS><OFFICE_HOURS><NAME><FIRST>Andrea</FIRST><LAST>Richa</LAST></NAME><OFFICE>GWC 344</OFFICE><HOURS>T 2 - 3:30 pm
W 10:30 - 11:30 am</HOURS></OFFICE_HOURS><OFFICE_HOURS><NAME><FIRST>Chuck</FIRST><LAST>Riden</LAST></NAME><OFFICE>GWC 382</OFFICE><HOURS>MTW 2 - 3 pm
Or by appointment</HOURS></OFFICE_HOURS><OFFICE_HOURS><NAME><FIRST>Mouli</FIRST><LAST>Subramanian</LAST></NAME><OFFICE>GWC 228</OFFICE><HOURS>TTh 6 - 7:30 pm</HOURS></OFFICE_HOURS><OFFICE_HOURS><NAME><FIRST>Wei-Tek</FIRST><LAST>Tsai</LAST></NAME><OFFICE>GWC 356</OFFICE><HOURS>MW 3 - 4 pm</HOURS></OFFICE_HOURS><OFFICE_HOURS><NAME><FIRST>Renee</FIRST><LAST>Turban</LAST></NAME><OFFICE>GWC 328</OFFICE><HOURS>MW 5:50 - 6:50PM</HOURS></OFFICE_HOURS><OFFICE_HOURS><NAME><FIRST>Joseph</FIRST><LAST>Urban</LAST></NAME><OFFICE>GWC 358</OFFICE><HOURS>MW 3 - 4 pm
T 11 am - 12 pm</HOURS></OFFICE_HOURS><OFFICE_HOURS><NAME><FIRST>Susan</FIRST><LAST>Urban</LAST></NAME><OFFICE>GWC 372</OFFICE><HOURS>T 9:15 - 10:15 am
W 1 - 2 pm
Th 9:15 - 10:15 am</HOURS></OFFICE_HOURS><OFFICE_HOURS><NAME><FIRST>Richard</FIRST><LAST>Whitehouse</LAST></NAME><OFFICE>GWC 322</OFFICE><HOURS>MF 1 - 2 pm
TTh 9 - 10 am</HOURS></OFFICE_HOURS><OFFICE_HOURS><NAME><FIRST>Stephen</FIRST><LAST>Yau</LAST></NAME><OFFICE>GWC206</OFFICE><HOURS>TTh 4:30 - 6 pm</HOURS></OFFICE_HOURS></OFFICE_HOURS_LISTING>