<PHONEBOOK><PHONE><NAME><FIRST>Edward</FIRST><LAST>Ashcroft</LAST></NAME><OFFICE>GWC 320</OFFICE><PHONE>5-7544</PHONE><EMAIL>ed.ashcroft@asu.edu</EMAIL></PHONE><PHONE><NAME><FIRST>Chitta</FIRST><LAST>Baral</LAST></NAME><OFFICE>GWC 366</OFFICE><PHONE>7-6047</PHONE><EMAIL>chitta@asu.edu</EMAIL></PHONE><PHONE><NAME><FIRST>Rida</FIRST><LAST>Bazzi</LAST></NAME><OFFICE>GWC 336</OFFICE><PHONE>5-2796</PHONE><EMAIL>bazzi@asu.edu</EMAIL></PHONE><PHONE><NAME><FIRST>Sourav</FIRST><LAST>Bhattacharya</LAST></NAME><OFFICE>GWC 334</OFFICE><PHONE>5-5190</PHONE><EMAIL>sourav@asu.edu</EMAIL></PHONE><PHONE><NAME><FIRST>Kasim</FIRST><LAST>Candan</LAST></NAME><OFFICE>GWC 370</OFFICE><PHONE>5-2770</PHONE><EMAIL>candan@asu.edu</EMAIL></PHONE><PHONE><NAME><FIRST>Jim</FIRST><LAST>Collofello</LAST></NAME><OFFICE>GWC 310</OFFICE><PHONE>5-3733</PHONE><EMAIL>james.collofello@asu.edu</EMAIL></PHONE><PHONE><NAME><FIRST>Partha</FIRST><LAST>Dasgupta</LAST></NAME><OFFICE>GWC 326</OFFICE><PHONE>5-5583</PHONE><EMAIL>partha.dasgupta@asu.edu</EMAIL></PHONE><PHONE><NAME><FIRST>Joseph</FIRST><LAST>DeLibero</LAST></NAME><OFFICE>GWC 382</OFFICE><PHONE>5-1493</PHONE><EMAIL>joseph.delibero@asu.edu</EMAIL></PHONE><PHONE><NAME><FIRST>Suzanne</FIRST><LAST>Dietrich</LAST></NAME><OFFICE>GWC 368</OFFICE><PHONE>5-2786</PHONE><EMAIL>dietrich@asu.edu</EMAIL></PHONE><PHONE><NAME><FIRST>Leonard</FIRST><LAST>Faltz</LAST></NAME><OFFICE>GWC 314</OFFICE><PHONE>5-1581</PHONE><EMAIL>faltz@asu.edu</EMAIL></PHONE><PHONE><NAME><FIRST>Gerald</FIRST><LAST>Farin</LAST></NAME><OFFICE>GWC 340</OFFICE><PHONE>5-5142</PHONE><EMAIL>farin@asu.edu</EMAIL></PHONE><PHONE><NAME><FIRST>Nicholas</FIRST><LAST>Findler</LAST></NAME><OFFICE>GWC 311</OFFICE><PHONE>5-5934</PHONE><EMAIL>nicholas.findler@asu.edu</EMAIL></PHONE><PHONE><NAME><FIRST>Barbara</FIRST><LAST>Gannod</LAST></NAME><OFFICE>GWC 378</OFFICE><PHONE>5-1757</PHONE><EMAIL>bgannod@asu.edu</EMAIL></PHONE><PHONE><NAME><FIRST>Gerald</FIRST><LAST>Gannod</LAST></NAME><OFFICE>GWC 324</OFFICE><PHONE>7-4475</PHONE><EMAIL>ggannod@asu.edu</EMAIL></PHONE><PHONE><NAME><FIRST>Sumit</FIRST><LAST>Ghosh</LAST></NAME><OFFICE>GWC 206</OFFICE><PHONE>5-3190</PHONE><EMAIL>sumit.ghosh@asu.edu</EMAIL></PHONE><PHONE><NAME><FIRST>Forouzan</FIRST><LAST>Golshani</LAST></NAME><OFFICE>GWC 351</OFFICE><PHONE>5-2855</PHONE><EMAIL>golshani@asu.edu</EMAIL></PHONE><PHONE><NAME><FIRST>Ben</FIRST><LAST>Huey</LAST></NAME><OFFICE>ECG 107</OFFICE><PHONE>7-6476</PHONE><EMAIL>ben.huey@asu.edu</EMAIL></PHONE><PHONE><NAME><FIRST>Rao</FIRST><LAST>Kambhampati</LAST></NAME><OFFICE>GWC 374</OFFICE><PHONE>5-0113</PHONE><EMAIL>rao@asu.edu</EMAIL></PHONE><PHONE><NAME><FIRST>Goran</FIRST><LAST>Konjevod</LAST></NAME><OFFICE>GWC 312</OFFICE><PHONE>5-2783</PHONE><EMAIL>goran.konjevod@asu.edu</EMAIL></PHONE><PHONE><NAME><FIRST>William</FIRST><LAST>Lewis</LAST></NAME><OFFICE>CPCOM 462</OFFICE><PHONE>5-0699</PHONE><EMAIL>william.lewis@asu.edu</EMAIL></PHONE><PHONE><NAME><FIRST>Huan</FIRST><LAST>Liu</LAST></NAME><OFFICE>GWC 342</OFFICE><PHONE>7-7349</PHONE><EMAIL>Huan.Liu@asu.edu</EMAIL></PHONE><PHONE><NAME><FIRST>Donald</FIRST><LAST>Miller</LAST></NAME><OFFICE>GWC 348</OFFICE><PHONE>5-5935</PHONE><EMAIL>donald.miller@asu.edu</EMAIL></PHONE><PHONE><NAME><FIRST>Faye</FIRST><LAST>Navabi</LAST></NAME><OFFICE>GWC 380</OFFICE><PHONE>5-3228</PHONE><EMAIL>navabi@asu.edu</EMAIL></PHONE><PHONE><NAME><FIRST>Gregory</FIRST><LAST>Nielson</LAST></NAME><OFFICE>GWC 338</OFFICE><PHONE>5-2785</PHONE><EMAIL>nielson@asu.edu</EMAIL></PHONE><PHONE><NAME><FIRST>David</FIRST><LAST>Pheanis</LAST></NAME><OFFICE>GWC 318</OFFICE><PHONE>5-7389</PHONE><EMAIL>pheanis@asu.edu</EMAIL></PHONE><PHONE><NAME><FIRST>Andrea</FIRST><LAST>Richa</LAST></NAME><OFFICE>GWC 344</OFFICE><PHONE>5-7555</PHONE><EMAIL>aricha@asu.edu</EMAIL></PHONE><PHONE><NAME><FIRST>Earl</FIRST><LAST>Robbins</LAST></NAME><OFFICE>GWC 354</OFFICE><PHONE>7-6910</PHONE><EMAIL>earl.robbins@asu.edu</EMAIL></PHONE><PHONE><NAME><FIRST>Arunabha</FIRST><LAST>Sen</LAST></NAME><OFFICE>GWC 347</OFFICE><PHONE>5-6153</PHONE><EMAIL>arunabha.sen@asu.edu</EMAIL></PHONE><PHONE><NAME><FIRST>Joseph</FIRST><LAST>Urban</LAST></NAME><OFFICE>GWC 358</OFFICE><PHONE>5-3374</PHONE><EMAIL>urban@asu.edu</EMAIL></PHONE><PHONE><NAME><FIRST>Susan</FIRST><LAST>Urban</LAST></NAME><OFFICE>GWC 372</OFFICE><PHONE>5-2784</PHONE><EMAIL>s.urban@asu.edu</EMAIL></PHONE><PHONE><NAME><FIRST>Michael</FIRST><LAST>Wagner</LAST></NAME><OFFICE>GWC 346</OFFICE><PHONE>5-1735</PHONE><EMAIL>wagner@asu.edu</EMAIL></PHONE><PHONE><NAME><FIRST>Richard</FIRST><LAST>Whitehouse</LAST></NAME><OFFICE>GWC 322</OFFICE><PHONE>5-3983</PHONE><EMAIL>row@asu.edu</EMAIL></PHONE><PHONE><NAME><FIRST>Marvin</FIRST><LAST>Woodfill</LAST></NAME><OFFICE>GWC 316</OFFICE><PHONE>5-3689</PHONE><EMAIL>marvin.woodfill@asu.edu</EMAIL></PHONE><PHONE><NAME><FIRST>Stephen</FIRST><LAST>Yau</LAST></NAME><OFFICE>GWC 206C</OFFICE><PHONE>5-3190</PHONE><EMAIL>yau@asu.edu</EMAIL></PHONE></PHONEBOOK>