<THINGS><CATALOG><COURSE_INFO><COURSE>100 Introduction to Computer Science I</COURSE><CREDIT_HOURS>3</CREDIT_HOURS><DESCRIPTION>Concepts of problem solving, algorithm design, structured programming, fundamental algorithms and techniques, and computer systems concepts.  </DESCRIPTION><REQUIREMENTS>MAT 170</REQUIREMENTS><INSTRUCTOR><FIRST>J.</FIRST><LAST>DELIBERO</LAST></INSTRUCTOR></COURSE_INFO><COURSE_INFO><COURSE>110 Principles of Programming with Java</COURSE><CREDIT_HOURS>3</CREDIT_HOURS><DESCRIPTION>Concepts of problem solving using Java, algorithm design, structured programming, fundamental algorithms and techniques, and computer systems concepts.  </DESCRIPTION><REQUIREMENTS>MAT 170</REQUIREMENTS><INSTRUCTOR><FIRST>N.</FIRST><LAST>TADAYON</LAST></INSTRUCTOR></COURSE_INFO><COURSE_INFO><COURSE>120 Digital Design Fundamentals</COURSE><CREDIT_HOURS>3</CREDIT_HOURS><DESCRIPTION>Number systems, conversion methods, binary and complement arithmetic, boolean and switching algebra, circuit minimization. ROMs, PLAs, flipflops, synchronous sequential circuits, and register transfer design. Lecture, lab.  </DESCRIPTION><REQUIREMENTS>Computer Literacy</REQUIREMENTS><INSTRUCTOR><FIRST>W.</FIRST><LAST>HIGGINS</LAST></INSTRUCTOR></COURSE_INFO><COURSE_INFO><COURSE>180 Computer Literacy</COURSE><CREDIT_HOURS>3</CREDIT_HOURS><DESCRIPTION>Introduction to general problem-solving approaches using widely available software tools such as database packages, word processors, spreadsheets, and report generators. </DESCRIPTION><INSTRUCTOR><FIRST>C.</FIRST><LAST>RIDEN</LAST></INSTRUCTOR></COURSE_INFO><COURSE_INFO><COURSE>181 Applied Problem Solving with Visual BASIC</COURSE><CREDIT_HOURS>3</CREDIT_HOURS><DESCRIPTION>Introduction to systematic definition of problems, solution formulation, and method validation. Computer solution using Visual BASIC required for projects.  </DESCRIPTION><REQUIREMENTS>MAT 117</REQUIREMENTS><INSTRUCTOR><FIRST>N.</FIRST><LAST>TADAYON</LAST></INSTRUCTOR></COURSE_INFO><COURSE_INFO><COURSE>185 Internet and the World Wide Web</COURSE><CREDIT_HOURS>3</CREDIT_HOURS><DESCRIPTION>Fundamental Internet concepts. World Wide Web browsing, searching, publishing, advanced Internet productivity tools.</DESCRIPTION></COURSE_INFO><COURSE_INFO><COURSE>200 Concepts of Computer Science</COURSE><CREDIT_HOURS>3</CREDIT_HOURS><DESCRIPTION>Overview of algorithms, architecture, languages, computer systems, theory. Problem solving by programming with a high-level language (Java or another) . Prerequisites: CSE 100 or CSE 110. </DESCRIPTION><INSTRUCTOR><FIRST>H.</FIRST><LAST>LIU</LAST></INSTRUCTOR></COURSE_INFO><COURSE_INFO><COURSE>210 Object-Oriented Design and Data Structures</COURSE><CREDIT_HOURS>3</CREDIT_HOURS><DESCRIPTION>Object Oriented Design, Static and Dynamic Data Structures (Strings, Stacks, Queues, Binary Trees), Recursion, Searching and Sorting, Professional Responsibility. Prerequisite : CSE 200. </DESCRIPTION><INSTRUCTOR><FIRST>S.</FIRST><LAST>AHAMED</LAST></INSTRUCTOR></COURSE_INFO><COURSE_INFO><COURSE>225 Assembly Language Programming (Motorola)</COURSE><CREDIT_HOURS>4</CREDIT_HOURS><DESCRIPTION>Assembly language programming, register level computer organization, data structure and addressing modes, assemblers, and linkers.  </DESCRIPTION><REQUIREMENTS>CSE 100 or CSE 200</REQUIREMENTS><INSTRUCTOR><FIRST>L.</FIRST><LAST>JOHNSON</LAST></INSTRUCTOR></COURSE_INFO><COURSE_INFO><COURSE>226 Assembly Language Programming (Intel)</COURSE><CREDIT_HOURS>4</CREDIT_HOURS><DESCRIPTION>Assembly language programming, register level computer organization, data structure and addressing modes, assemblers, and linkers.   </DESCRIPTION><REQUIREMENTS>CSE 100 or CSE 200</REQUIREMENTS><INSTRUCTOR><FIRST>W.</FIRST><LAST>HIGGINS</LAST></INSTRUCTOR></COURSE_INFO><COURSE_INFO><COURSE>240 Introduction to Programming Languages</COURSE><CREDIT_HOURS>3</CREDIT_HOURS><DESCRIPTION>Introduction to the procedural (Ada), applicative (LISP) and declarative (Prolog) languages. Prerequisites: CSE 210. </DESCRIPTION><INSTRUCTOR><FIRST>R.</FIRST><LAST>WHITEHOUSE</LAST></INSTRUCTOR></COURSE_INFO><COURSE_INFO><COURSE>310 Data Structures and Algorithms</COURSE><CREDIT_HOURS>3</CREDIT_HOURS><DESCRIPTION>Advanced data structures and algorithms, including stacks, queues, trees (B, B+, AVL), and graphs, Searching for graphs, hashing and external sorting. Prerequiste: CSE 210 or MAT 243. </DESCRIPTION><INSTRUCTOR><FIRST>B.</FIRST><LAST>GANNOD</LAST></INSTRUCTOR></COURSE_INFO><COURSE_INFO><COURSE>330 Computer Organization and Architecture</COURSE><CREDIT_HOURS>3</CREDIT_HOURS><DESCRIPTION>Instruction set architecture, processor performance and design, datapath, control (hardwired, microprogrammed), pipelining, input/output, Memory organization with cache, virtual memory.  </DESCRIPTION><REQUIREMENTS>CSE 225 or CSE 226</REQUIREMENTS><INSTRUCTOR><FIRST>E.</FIRST><LAST>O'GRADY</LAST></INSTRUCTOR></COURSE_INFO><COURSE_INFO><COURSE>340 Principles of Programming Languages</COURSE><CREDIT_HOURS>3</CREDIT_HOURS><DESCRIPTION>Introduction to language design and implementation, Parallel, machine dependent and declarative language features, type theory, specification, recognition, translation, run-time management. Prerequisites: CSE 240, CSE 310, CSE 225 or CSE226. </DESCRIPTION><INSTRUCTOR><FIRST>L.</FIRST><LAST>FALTZ</LAST></INSTRUCTOR></COURSE_INFO><COURSE_INFO><COURSE>355 Introduction to Theoretical Computer Science</COURSE><CREDIT_HOURS>3</CREDIT_HOURS><DESCRIPTION>Introduction to formal language theory and automata, Turing machines, decidability/undecidability, recursive function theory, and introduction to complexity theory.  </DESCRIPTION><REQUIREMENTS>CSE 310</REQUIREMENTS><INSTRUCTOR><FIRST>A.</FIRST><LAST>SEN</LAST></INSTRUCTOR></COURSE_INFO><COURSE_INFO><COURSE>360 Introduction to Software Engineering</COURSE><CREDIT_HOURS>3</CREDIT_HOURS><DESCRIPTION>Software life cycle models, Project management, team development, environments and methodologies, software architectures, quality assurance and standards, legal, ethical issues.  </DESCRIPTION><REQUIREMENTS>CSE 240 and CSE 210</REQUIREMENTS><INSTRUCTOR><FIRST>J.</FIRST><LAST>COLLOFELLO</LAST></INSTRUCTOR></COURSE_INFO><COURSE_INFO><COURSE>408 Multimedia Information Systems</COURSE><CREDIT_HOURS>3</CREDIT_HOURS><DESCRIPTION>Design, use, and applications of multimedia systems, An introduction to acquisition, compression, storage, retrieval, and presentation of data from different media such as images, text, voice, and alphanumeric.  </DESCRIPTION><REQUIREMENTS>CSE 310</REQUIREMENTS><INSTRUCTOR><FIRST>F.</FIRST><LAST>GOLSHANI</LAST></INSTRUCTOR></COURSE_INFO><COURSE_INFO><COURSE>412 Database Management</COURSE><CREDIT_HOURS>3</CREDIT_HOURS><DESCRIPTION>Introduction to DBMS concepts, Data models and languages, Relational database theory, Database security/ integrity and concurrency.  </DESCRIPTION><REQUIREMENTS>CSE 310</REQUIREMENTS><INSTRUCTOR><FIRST>K.</FIRST><LAST>CANDAN</LAST></INSTRUCTOR></COURSE_INFO><COURSE_INFO><COURSE>420 Computer Architecture I</COURSE><CREDIT_HOURS>3</CREDIT_HOURS><DESCRIPTION>Computer architecture, Performance versus cost trade-offs, Instruction set design, Basic processor implementation and pipelining. </DESCRIPTION><REQUIREMENTS>CSE 330</REQUIREMENTS></COURSE_INFO><COURSE_INFO><COURSE>421 Microprocessor System Design I</COURSE><CREDIT_HOURS>4</CREDIT_HOURS><DESCRIPTION>Assembly-language programming and logical hardware design of systems using 8-bit microprocessors and micro-controllers, Fundamental concepts of digital system design, Reliability and social, legal implications.  </DESCRIPTION><REQUIREMENTS>CSE 225</REQUIREMENTS><INSTRUCTOR><FIRST>D.</FIRST><LAST>PHEANIS</LAST></INSTRUCTOR></COURSE_INFO><COURSE_INFO><COURSE>422 Microprocessor System Design II</COURSE><CREDIT_HOURS>4</CREDIT_HOURS><DESCRIPTION>Design of microcomputer systems using contemporary logic and microcomputer system components, Requires assembly language programming. </DESCRIPTION><REQUIREMENTS>CSE 421</REQUIREMENTS></COURSE_INFO><COURSE_INFO><COURSE>423 Microcomputer System Hardware</COURSE><CREDIT_HOURS>3</CREDIT_HOURS><DESCRIPTION>Information and techniques presented in CSE 422 are used to develop the hardware design of a microprocessor, multiprogramming, microprocessor-based system. </DESCRIPTION><REQUIREMENTS>CSE 422</REQUIREMENTS></COURSE_INFO><COURSE_INFO><COURSE>428 Computer-Aided Processes</COURSE><CREDIT_HOURS>3</CREDIT_HOURS><DESCRIPTION>Hardware and software considerations for computerized manufacturing systems, Specific concentration on automatic inspection, numerical control, robotics, and integrated manufacturing systems. </DESCRIPTION><REQUIREMENTS>CSE 330</REQUIREMENTS></COURSE_INFO><COURSE_INFO><COURSE>430 Operating Systems</COURSE><CREDIT_HOURS>3</CREDIT_HOURS><DESCRIPTION>Operating system structure and services, processor scheduling, concurrent processes, synchronization techniques, memory management, virtual memory, input/output, storage management, file systems. Prerequisites: CSE 330 and CSE 340. </DESCRIPTION><INSTRUCTOR><FIRST>D.</FIRST><LAST>MILLER</LAST></INSTRUCTOR></COURSE_INFO><COURSE_INFO><COURSE>434 Computer Networks</COURSE><CREDIT_HOURS>3</CREDIT_HOURS><DESCRIPTION>Physical layer basics, network protocol algorithms, error handling, flow control, multihop routing, network reliability, timing, security, data compression, cryptography fundamentals.  </DESCRIPTION><REQUIREMENTS>CSE 330</REQUIREMENTS><INSTRUCTOR><FIRST>S.</FIRST><LAST>GUPTA</LAST></INSTRUCTOR></COURSE_INFO><COURSE_INFO><COURSE>438 Systems Programming</COURSE><CREDIT_HOURS>3</CREDIT_HOURS><DESCRIPTION>Design and implementtion of systems programs, including text editors, file utilities, monitors, assemblers, relocating linking loaders, I/O handlers, schedulers, etc.  </DESCRIPTION><REQUIREMENTS>CSE 421</REQUIREMENTS><INSTRUCTOR><FIRST>D.</FIRST><LAST>PHEANIS</LAST></INSTRUCTOR></COURSE_INFO><COURSE_INFO><COURSE>440 Compiler Construction I</COURSE><CREDIT_HOURS>3</CREDIT_HOURS><DESCRIPTION>Introduction to programming language implementation, Implementation strategies such as compilation, interpretation, and translation, Major compilation phases such as lexical analysis, semantic analysis, optimization, and code generation. Prerequisites: CSE 340 and CSE355. </DESCRIPTION><INSTRUCTOR><FIRST>R.</FIRST><LAST>BAZZI</LAST></INSTRUCTOR></COURSE_INFO><COURSE_INFO><COURSE>445/598 Distributed Computing with Java and CORBA</COURSE><CREDIT_HOURS>3</CREDIT_HOURS><DESCRIPTION>Frameworks for distributed software components, Foundations of client-server computing and architectures for distributed object systems, Dynamic discovery and invocation. Prerequisites: CSE 360. </DESCRIPTION><INSTRUCTOR><FIRST>W.</FIRST><LAST>TSAI</LAST></INSTRUCTOR></COURSE_INFO><COURSE_INFO><COURSE>446/598 Client-Server User Interfaces</COURSE><CREDIT_HOURS>3</CREDIT_HOURS><DESCRIPTION>S, Client-server model for creating window interfaces, Toolkits and libraries such as X11, Microsoft Foundation Classes and Java Abstract Window Toolkit. Prerequisites: CSE 310. </DESCRIPTION><INSTRUCTOR><FIRST>P.</FIRST><LAST>REINERT</LAST></INSTRUCTOR></COURSE_INFO><COURSE_INFO><COURSE>450 Design and Analysis of Algorithms</COURSE><CREDIT_HOURS>3</CREDIT_HOURS><DESCRIPTION>Design and analysis of computer algorithms using analytical and empirical methods,complexity measures, design methodologies, and survey of important algorithms.  </DESCRIPTION><REQUIREMENTS>CSE 310</REQUIREMENTS><INSTRUCTOR><FIRST>G.</FIRST><LAST>KONJEVOD</LAST></INSTRUCTOR></COURSE_INFO><COURSE_INFO><COURSE>457 Theory of Formal Languages</COURSE><CREDIT_HOURS>3</CREDIT_HOURS><DESCRIPTION>Theory of grammar, methods of syntactic analysis and specification, types of artificial languages, relationship between formal languages, and automata. </DESCRIPTION><REQUIREMENTS>CSE 355</REQUIREMENTS></COURSE_INFO><COURSE_INFO><COURSE>459 Logic for Computing Scientist I</COURSE><CREDIT_HOURS>3</CREDIT_HOURS><DESCRIPTION>Propositional logic, syntax and semantics, proof theory vs. model theory, soundness, consistency and completeness, first order logic, logical theories, automated theorem proving, ground resolution, pattern matching unification and resolution, Dijkstras logic, proof obligations, and program proving. </DESCRIPTION><REQUIREMENTS>CSE 355</REQUIREMENTS></COURSE_INFO><COURSE_INFO><COURSE>460 Software Engineering</COURSE><CREDIT_HOURS>3</CREDIT_HOURS><DESCRIPTION>Software engineering foundations, formal representations in the software process, use of formalisms in creating a measured and structured working environment.  </DESCRIPTION><REQUIREMENTS>CSE 360</REQUIREMENTS><INSTRUCTOR><FIRST>G.</FIRST><LAST>GANNOD</LAST></INSTRUCTOR></COURSE_INFO><COURSE_INFO><COURSE>461 Software Engineering Project 1</COURSE><CREDIT_HOURS>3</CREDIT_HOURS><DESCRIPTION>First of 2-course software design sequence, Development planning, management, process modeling, incremental and team development using CASE tools.  </DESCRIPTION><REQUIREMENTS>CSE 360</REQUIREMENTS><INSTRUCTOR><FIRST>S.</FIRST><LAST>YAU</LAST></INSTRUCTOR></COURSE_INFO><COURSE_INFO><COURSE>462 Software Engineering Project 2</COURSE><CREDIT_HOURS>3</CREDIT_HOURS><DESCRIPTION>Second of 2-course software design sequence, Process, product assessment and improvement, incremental and team development using CASE tools.  </DESCRIPTION><REQUIREMENTS>CSE 461</REQUIREMENTS><INSTRUCTOR><FIRST>J.</FIRST><LAST>URBAN</LAST></INSTRUCTOR></COURSE_INFO><COURSE_INFO><COURSE>470 Computer Graphics</COURSE><CREDIT_HOURS>3</CREDIT_HOURS><DESCRIPTION>Display devices, data structures, transformation, interactive graphics, 3-dimensional graphics, and hidden line problem. Prerequisites: CSE 310; MAT 342. </DESCRIPTION><INSTRUCTOR><FIRST>G.</FIRST><LAST>NIELSON</LAST></INSTRUCTOR></COURSE_INFO><COURSE_INFO><COURSE>471 Introduction to Artificial Intelligence</COURSE><CREDIT_HOURS>3</CREDIT_HOURS><DESCRIPTION>State space search, heuristic search, games, knowledge representation techniques, expert systems, and automated reasoning.  </DESCRIPTION><REQUIREMENTS>CSE 240, 310</REQUIREMENTS><INSTRUCTOR><FIRST>S.</FIRST><LAST>KAMBHAMPATI</LAST></INSTRUCTOR></COURSE_INFO><COURSE_INFO><COURSE>473 Nonprocedural Programming Languages</COURSE><CREDIT_HOURS>3</CREDIT_HOURS><DESCRIPTION>Functional and logic programming using languages like Lucid and Prolog, Typical applications would be a Screen Editor and an Expert System. </DESCRIPTION><REQUIREMENTS>CSE 355</REQUIREMENTS></COURSE_INFO><COURSE_INFO><COURSE>476 Introduction to Natural Language Processing</COURSE><CREDIT_HOURS>3</CREDIT_HOURS><DESCRIPTION>Principles of computational linguistics, formal syntax, and semantics, as applied to the design of software with natural (human) language I/O. </DESCRIPTION><REQUIREMENTS>CSE 310</REQUIREMENTS></COURSE_INFO><COURSE_INFO><COURSE>477 Introduction to Computer-Aided Geometric Design</COURSE><CREDIT_HOURS>3</CREDIT_HOURS><DESCRIPTION>Introduction to parametric curves and surfaces. Bezier and B-spline interpolation</DESCRIPTION></COURSE_INFO></CATALOG><FACULTY><FACULTY_MEMBER><NAME><FIRST>Stephen</FIRST><MIDDLE>S.</MIDDLE><LAST>Yau</LAST></NAME><POSITION>Professor and Chair</POSITION><EDUCATION>Ph.D. University of Illinois at Urbana-Champaign</EDUCATION><YEAR>1961</YEAR><INTERESTS>Software engineering, parallel processing and distributed computing systems, embeded systems</INTERESTS></FACULTY_MEMBER><FACULTY_MEMBER><NAME><FIRST>Edward</FIRST><MIDDLE>A.</MIDDLE><LAST>Ashcroft</LAST></NAME><POSITION>Professor</POSITION><EDUCATION>Ph.D. University of London (Imperial College), England</EDUCATION><YEAR>1970</YEAR><INTERESTS>Program verification, declarative language, intensional programming, high-level parallel programming language, language Lucid</INTERESTS></FACULTY_MEMBER><FACULTY_MEMBER><NAME><FIRST>Chitta</FIRST><LAST>Baral</LAST></NAME><POSITION>Associate Professor</POSITION><EDUCATION>Ph.D. University of Maryland</EDUCATION><YEAR>1991</YEAR><INTERESTS>Artificial intelligence, multimedia, visualization of databases</INTERESTS></FACULTY_MEMBER><FACULTY_MEMBER><NAME><FIRST>Rida</FIRST><MIDDLE>A.</MIDDLE><LAST>Bazzi</LAST></NAME><POSITION>Assistant Professor</POSITION><EDUCATION>Ph.D. Georgia Institute of Technology</EDUCATION><YEAR>1994</YEAR><INTERESTS>Distributed computing, software engineering for distributed systems, fault-tolerance algorithms, computer vision</INTERESTS></FACULTY_MEMBER><FACULTY_MEMBER><NAME><FIRST>Sourav</FIRST><LAST>Bhattacharya</LAST></NAME><POSITION>Associate Professor</POSITION><EDUCATION>Ph.D. University of Minnesota</EDUCATION><YEAR>1993</YEAR><INTERESTS>Networked and parallel computing, dependable communication, ATM networks</INTERESTS></FACULTY_MEMBER><FACULTY_MEMBER><NAME><FIRST>K.</FIRST><MIDDLE>Selcuk</MIDDLE><LAST>Candan</LAST></NAME><POSITION>Assistant Professor</POSITION><EDUCATION>Ph.D. University of Maryland</EDUCATION><YEAR>1997</YEAR><INTERESTS>Distributed multimedia systems, video servers for video-on-demand systems, content based video indexing, query / retrieval of multimedia data, security, query processing</INTERESTS></FACULTY_MEMBER><FACULTY_MEMBER><NAME><FIRST>James</FIRST><MIDDLE>S.</MIDDLE><LAST>Collofello</LAST></NAME><POSITION>Professor</POSITION><EDUCATION>Ph.D. Northwestern University</EDUCATION><YEAR>1978</YEAR><INTERESTS>Software engineering, project management</INTERESTS></FACULTY_MEMBER><FACULTY_MEMBER><NAME><FIRST>Partha</FIRST><LAST>Dasgupta</LAST></NAME><POSITION>Associate Professor</POSITION><EDUCATION>Ph.D. State University of New York at Stony Brook</EDUCATION><YEAR>1984</YEAR><INTERESTS>Distributed operating systems, system software</INTERESTS></FACULTY_MEMBER><FACULTY_MEMBER><NAME><FIRST>Joseph</FIRST><LAST>DeLibero</LAST></NAME><POSITION>Lecturer</POSITION><EDUCATION>M.S. Purdue University</EDUCATION><YEAR>1972</YEAR></FACULTY_MEMBER><FACULTY_MEMBER><NAME><FIRST>Suzanne</FIRST><MIDDLE>W.</MIDDLE><LAST>Dietrich</LAST></NAME><POSITION>Associate Professor</POSITION><EDUCATION>Ph.D. State University of New York at Stony Brook</EDUCATION><YEAR>1987</YEAR><INTERESTS>Databases, knowledge management, object management, active features</INTERESTS></FACULTY_MEMBER><FACULTY_MEMBER><NAME><FIRST>Leonard</FIRST><LAST>Faltz</LAST></NAME><POSITION>Associate Professor</POSITION><EDUCATION>Ph.D. University of California, Berkeley</EDUCATION><YEAR>1977</YEAR><INTERESTS>Formal linguistics, computational linguistics</INTERESTS></FACULTY_MEMBER><FACULTY_MEMBER><NAME><FIRST>Gerald</FIRST><MIDDLE>E.</MIDDLE><LAST>Farin</LAST></NAME><POSITION>Professor</POSITION><EDUCATION>Ph.D. Technical University of Braunschweig</EDUCATION><YEAR>1979</YEAR><INTERESTS>Computer aided geometric design, NURBS</INTERESTS></FACULTY_MEMBER><FACULTY_MEMBER><NAME><FIRST>Nicholas</FIRST><MIDDLE>V.</MIDDLE><LAST>Findler</LAST></NAME><POSITION>Professor Emeritus</POSITION><EDUCATION>Ph.D. Budapest University of Technical Sciences</EDUCATION><YEAR>1956</YEAR><INTERESTS>Artificial intelligence, heuristic programming, expert systems, pattern recognition, information retrieval</INTERESTS></FACULTY_MEMBER><FACULTY_MEMBER><NAME><FIRST>Barbara</FIRST><LAST>Gannod</LAST></NAME><POSITION>Lecturer</POSITION><EDUCATION>Ph.D. Michigan State University</EDUCATION><YEAR>1997</YEAR><INTERESTS>Pure and applied graph theory, algorithm design and analysis, parallel processing, engineering education</INTERESTS></FACULTY_MEMBER><FACULTY_MEMBER><NAME><FIRST>Gerald</FIRST><MIDDLE>C.</MIDDLE><LAST>Gannod</LAST></NAME><POSITION>Assistant Professor</POSITION><EDUCATION>Ph.D. Michigan State University</EDUCATION><YEAR>1998</YEAR><INTERESTS>Software engineering, formal methods for software development, reverse engineering, reengineering, object-oriented analysis and design</INTERESTS></FACULTY_MEMBER><FACULTY_MEMBER><NAME><FIRST>Sumit</FIRST><LAST>Ghosh</LAST></NAME><POSITION>Associate Professor and Associate Chair for Research and Graduate Programs</POSITION><EDUCATION>Ph.D. Stanford University</EDUCATION><YEAR>1984</YEAR><INTERESTS>Networking and distributed algorithms</INTERESTS></FACULTY_MEMBER><FACULTY_MEMBER><NAME><FIRST>Forouzan</FIRST><LAST>Golshani</LAST></NAME><POSITION>Professor</POSITION><EDUCATION>Ph.D. University of Warwick, England</EDUCATION><YEAR>1982</YEAR><INTERESTS>Multimedia information system, digital video processing, advanced databases, intelligent systems</INTERESTS></FACULTY_MEMBER><FACULTY_MEMBER><NAME><FIRST>Ben</FIRST><MIDDLE>M.</MIDDLE><LAST>Huey</LAST></NAME><POSITION>Associate Professor and Associate Dean for Planning and Administration</POSITION><EDUCATION>College of Engineering and Applied Science, Ph.D. University of Arizona</EDUCATION><YEAR>1975</YEAR><INTERESTS>Language-based models for architecture, silicon compilation, design verification, automatic test generation</INTERESTS></FACULTY_MEMBER><FACULTY_MEMBER><NAME><FIRST>Subbarao</FIRST><LAST>Kambhampati</LAST></NAME><POSITION>Professor</POSITION><EDUCATION>Ph.D. University of Maryland</EDUCATION><YEAR>1989</YEAR><INTERESTS>Artificial intelligence, automated planning, machine learning</INTERESTS></FACULTY_MEMBER><FACULTY_MEMBER><NAME><FIRST>William</FIRST><MIDDLE>E.</MIDDLE><LAST>Lewis</LAST></NAME><POSITION>Professor and Vice Provost for Information Technology</POSITION><EDUCATION>Ph.D. Northwestern University</EDUCATION><YEAR>1966</YEAR><INTERESTS>Analytical modelling, information systems</INTERESTS></FACULTY_MEMBER><FACULTY_MEMBER><NAME><FIRST>Huan</FIRST><LAST>Liu</LAST></NAME><POSITION>Associate Professor</POSITION><EDUCATION>Ph.D. University of Southern Califonia</EDUCATION><YEAR>1989</YEAR><INTERESTS>Data mining, Data warehousing, artificial intelligence, machine learning</INTERESTS></FACULTY_MEMBER><FACULTY_MEMBER><NAME><FIRST>Donald</FIRST><MIDDLE>S.</MIDDLE><LAST>Miller</LAST></NAME><POSITION>Associate Professor</POSITION><EDUCATION>Ph.D. University of Southern California</EDUCATION><YEAR>1972</YEAR><INTERESTS>Address space operating systems, distributed and multiprocessor operating systems, computer architecture, local area networks</INTERESTS></FACULTY_MEMBER><FACULTY_MEMBER><NAME><FIRST>Faye</FIRST><LAST>Navabi</LAST></NAME><POSITION>Lecturer</POSITION><EDUCATION>M.S. University of Southwestern Louisiana</EDUCATION><YEAR>1991</YEAR></FACULTY_MEMBER><FACULTY_MEMBER><NAME><FIRST>Gregory</FIRST><MIDDLE>M.</MIDDLE><LAST>Nielson</LAST></NAME><POSITION>Professor</POSITION><EDUCATION>Ph.D. University of Utah</EDUCATION><YEAR>1970</YEAR><INTERESTS>Interactive design of curves and surfaces, multivariate data fitting, computer-aided geometric design, computer graphics, visualization of scientific computing</INTERESTS></FACULTY_MEMBER><FACULTY_MEMBER><NAME><FIRST>Pearse</FIRST><LAST>O'Grady</LAST></NAME><POSITION>Associate Professor and Associate Chair for Undergraduate Programs</POSITION><EDUCATION>Ph.D. University of Arizona</EDUCATION><YEAR>1969</YEAR><INTERESTS>Parallel processing, computer architecture, continuous system simulation</INTERESTS></FACULTY_MEMBER><FACULTY_MEMBER><NAME><FIRST>Sethuraman</FIRST><LAST>Panchanathan</LAST></NAME><POSITION>Associate Professor</POSITION><EDUCATION>Ph.D. University of Ottawa</EDUCATION><YEAR>1989</YEAR><INTERESTS>Multimedia computing and communications, multimedia hardware architectures, VLSI architectures for real-time video processing, indexing / storage / browsing / retrieval of image and video</INTERESTS></FACULTY_MEMBER><FACULTY_MEMBER><NAME><FIRST>David</FIRST><MIDDLE>C.</MIDDLE><LAST>Pheanis</LAST></NAME><POSITION>Associate Professor</POSITION><EDUCATION>Ph.D. Arizona State University</EDUCATION><YEAR>1974</YEAR><INTERESTS>Software/hardware interface in embedded microprocessor system, real-time system</INTERESTS></FACULTY_MEMBER><FACULTY_MEMBER><NAME><FIRST>Andrea</FIRST><MIDDLE>W.</MIDDLE><LAST>Richa</LAST></NAME><POSITION>Assistant Professor</POSITION><EDUCATION>Ph.D. Carnegie Mellon University</EDUCATION><YEAR>1998</YEAR><INTERESTS>Design and analysis of algorithms, algorithms for distributed networks, graph algorithms, approximation algorithms, combinatorial optimization, distributed network architectures, parallel computation</INTERESTS></FACULTY_MEMBER><FACULTY_MEMBER><NAME><FIRST>Arunabha</FIRST><LAST>Sen</LAST></NAME><POSITION>Associate Professor</POSITION><EDUCATION>Ph.D. University of Southern Carolina</EDUCATION><YEAR>1987</YEAR><INTERESTS>Parallel computing, computer interconnection networks, combinatorial optimization</INTERESTS></FACULTY_MEMBER><FACULTY_MEMBER><NAME><FIRST>Wei-Tek</FIRST><LAST>Tsai</LAST></NAME><POSITION>Professor</POSITION><EDUCATION>Ph.D. University of California, Berkeley</EDUCATION><YEAR>1986</YEAR><INTERESTS>Software engineering, internet, parallel and distributed processing</INTERESTS></FACULTY_MEMBER><FACULTY_MEMBER><NAME><FIRST>Joseph</FIRST><MIDDLE>E.</MIDDLE><LAST>Urban</LAST></NAME><POSITION>Professor</POSITION><EDUCATION>Ph.D. University of Southwestern Louisiana</EDUCATION><YEAR>1977</YEAR><INTERESTS>CASE, computer languages, data engineering, distributed computing, executable specification languages, software prototyping</INTERESTS></FACULTY_MEMBER><FACULTY_MEMBER><NAME><FIRST>Susan</FIRST><MIDDLE>D.</MIDDLE><LAST>Urban</LAST></NAME><POSITION>Associate Professor</POSITION><EDUCATION>Ph.D. University of Southwestern Louisiana</EDUCATION><YEAR>1987</YEAR><INTERESTS>Active database systems, heterogeneous database systems, object-oriented database systems</INTERESTS></FACULTY_MEMBER><FACULTY_MEMBER><NAME><FIRST>Michael</FIRST><MIDDLE>G.</MIDDLE><LAST>Wagner</LAST></NAME><POSITION>Assistant Professor</POSITION><EDUCATION>Ph.D. Technical University of Vienna</EDUCATION><YEAR>1994</YEAR><INTERESTS>Computer-aided geometric design, geometric modeling and processing, computer animation, theoretical kinematics, robotics and robot dynamics</INTERESTS></FACULTY_MEMBER><FACULTY_MEMBER><NAME><FIRST>Richard</FIRST><LAST>Whitehouse</LAST></NAME><POSITION>Lecturer</POSITION><EDUCATION>M.S. University of Tennessee</EDUCATION><YEAR>1985</YEAR></FACULTY_MEMBER><FACULTY_MEMBER><NAME><FIRST>Marvin</FIRST><MIDDLE>C.</MIDDLE><LAST>Woodfill</LAST></NAME><POSITION>Professor Emeritus</POSITION><EDUCATION>Ph.D. Iowa State University</EDUCATION><YEAR>1964</YEAR><INTERESTS>Digital logic, microcomputers</INTERESTS></FACULTY_MEMBER><FACULTY_MEMBER><NAME><FIRST>Goran</FIRST><LAST>Konjevod</LAST></NAME><POSITION>Assistant Professor</POSITION><EDUCATION>Ph.D. Carnegie Mellon University</EDUCATION><YEAR>2000</YEAR><INTERESTS>Design and analysis of algorithms, combinatorial optimization, graph theory, discrete mathematics</INTERESTS></FACULTY_MEMBER><FACULTY_MEMBER><NAME><FIRST>Yann-Hang</FIRST><LAST>Lee</LAST></NAME><POSITION>Professor</POSITION><EDUCATION>PhD. University of Michigan, Ann Arbor</EDUCATION><YEAR>1985</YEAR><INTERESTS>Real-time systems, computer communication, computer architecture, fault-tolerant computing, distributed/parallel systems, and performance evaluation</INTERESTS></FACULTY_MEMBER><FACULTY_MEMBER><NAME><FIRST>Yann-Hang</FIRST><LAST>Lee</LAST></NAME><POSITION>Associate Professor</POSITION><EDUCATION>Ph.D. Ohio State University</EDUCATION><YEAR>1995</YEAR><INTERESTS>Mobile computing, compilers, parallel computing, parallel I/O</INTERESTS></FACULTY_MEMBER></FACULTY><OFFICE_HOURS_LISTING><OFFICE_HOURS><NAME><FIRST>Sheikh</FIRST><MIDDLE>Iqbal</MIDDLE><LAST>Ahamed</LAST></NAME><OFFICE>GWC 328</OFFICE><HOURS>M 9:45 - 10:45 am
T 11:30 am - 12:30 pm
Th  4:45 - 5:45 pm</HOURS></OFFICE_HOURS><OFFICE_HOURS><NAME><FIRST>Donald</FIRST><LAST>Alpert</LAST></NAME><OFFICE>GWC 384</OFFICE><HOURS>Th 4 - 5 pm
Or by appointment</HOURS></OFFICE_HOURS><OFFICE_HOURS><NAME><FIRST>Chitta</FIRST><LAST>Baral</LAST></NAME><OFFICE>GWC 366</OFFICE><HOURS>TTh 4:40 - 5:40 pm</HOURS></OFFICE_HOURS><OFFICE_HOURS><NAME><FIRST>Rida</FIRST><LAST>Bazzi</LAST></NAME><OFFICE>GWC 336</OFFICE><HOURS>M 11:30 - 12:30 pm
W 3:05 - 4:05 pm
Th 10:30 -11:30 am</HOURS></OFFICE_HOURS><OFFICE_HOURS><NAME><FIRST>Sourav</FIRST><LAST>Bhattacharya</LAST></NAME><OFFICE>GWC 221</OFFICE><HOURS>TTh 11 am - 1 pm</HOURS></OFFICE_HOURS><OFFICE_HOURS><NAME><FIRST>Selcuk</FIRST><LAST>Candan</LAST></NAME><OFFICE>GWC 370</OFFICE><HOURS>T 2:30 - 4 pm
W 3:30 - 4:30 pm</HOURS></OFFICE_HOURS><OFFICE_HOURS><NAME><FIRST>Yinong</FIRST><LAST>Chen</LAST></NAME><OFFICE>GWC 228</OFFICE><HOURS>TTh 10:30 am - 12:30 pm</HOURS></OFFICE_HOURS><OFFICE_HOURS><NAME><FIRST>James</FIRST><LAST>Collofello</LAST></NAME><OFFICE>GWC 310</OFFICE><HOURS>MF 10:40 - 11:30 am
W 12:40 - 1:30 pm</HOURS></OFFICE_HOURS><OFFICE_HOURS><NAME><FIRST>Joseph</FIRST><LAST>DeLibero</LAST></NAME><OFFICE>GWC 382</OFFICE><HOURS>M-F 7 - 7:30 am
MWF 9:45 - 10:15 am
TTh 9 - 9:30 am</HOURS></OFFICE_HOURS><OFFICE_HOURS><NAME><FIRST>Suzanne</FIRST><LAST>Dietrich</LAST></NAME><OFFICE>GWC 368</OFFICE><HOURS>T 3 - 4 pm
W 9:30 -10:30 am
Th 3 - 4 pm</HOURS></OFFICE_HOURS><OFFICE_HOURS><NAME><FIRST>Leonard</FIRST><LAST>Faltz</LAST></NAME><OFFICE>GWC 314</OFFICE><HOURS>W 2 - 3:30 pm
Th 10 - 11:30 am
Or by appointment</HOURS></OFFICE_HOURS><OFFICE_HOURS><NAME><FIRST>Gerald</FIRST><LAST>Farin</LAST></NAME><OFFICE>GWC 340</OFFICE><HOURS>TTh 10:30 - 11:30
W 12 - 1 pm</HOURS></OFFICE_HOURS><OFFICE_HOURS><NAME><FIRST>Nicholas</FIRST><LAST>Findler</LAST></NAME><OFFICE>GWC 311</OFFICE><HOURS>T 2 - 3 pm</HOURS></OFFICE_HOURS><OFFICE_HOURS><NAME><FIRST>Barbara</FIRST><LAST>Gannod</LAST></NAME><OFFICE>GWC 378</OFFICE><HOURS>M 9:45 - 10:45 am, 2:45 - 4:30 pm
W 9:45 - 10:45 am, 2:45 - 3:45 pm
F 9:45 - 10:45 am</HOURS></OFFICE_HOURS><OFFICE_HOURS><NAME><FIRST>Gerald</FIRST><LAST>Gannod</LAST></NAME><OFFICE>GWC 324</OFFICE><HOURS>T 10 - 11:30 am
Th 3:15 - 4:30 pm
Or by appointment</HOURS></OFFICE_HOURS><OFFICE_HOURS><NAME><FIRST>Sumit</FIRST><LAST>Ghosh</LAST></NAME><OFFICE>GWC 206</OFFICE><HOURS>MTWF 1 - 2 pm</HOURS></OFFICE_HOURS><OFFICE_HOURS><NAME><FIRST>Forouzan</FIRST><LAST>Golshani</LAST></NAME><OFFICE>GWC 351</OFFICE><HOURS>MW  2:30 - 3:15 pm
T 11 -12 am</HOURS></OFFICE_HOURS><OFFICE_HOURS><NAME><FIRST>Sandeep</FIRST><LAST>Gupta</LAST></NAME><OFFICE>GWC 224A</OFFICE><HOURS>TTh 10-11:30 am</HOURS></OFFICE_HOURS><OFFICE_HOURS><NAME><FIRST>Ben</FIRST><LAST>Huey</LAST></NAME><OFFICE>GWC 374</OFFICE><HOURS>TTh 2:30-3:30 pm
or by appointment</HOURS></OFFICE_HOURS><OFFICE_HOURS><NAME><FIRST>Lance</FIRST><LAST>Johnson</LAST></NAME><OFFICE>GWC 354</OFFICE><HOURS>MW 6:30  -7:30 pm</HOURS></OFFICE_HOURS><OFFICE_HOURS><NAME><FIRST>Subbarao</FIRST><LAST>Kambhampati</LAST></NAME><OFFICE>GWC 374</OFFICE><HOURS>MW 3 - 4 pm</HOURS></OFFICE_HOURS><OFFICE_HOURS><NAME><FIRST>Goran</FIRST><LAST>Konjevod</LAST></NAME><OFFICE>GWC 312</OFFICE><HOURS>TTh 4:30  -6 pm</HOURS></OFFICE_HOURS><OFFICE_HOURS><NAME><FIRST>Yann-Hang</FIRST><LAST>Lee</LAST></NAME><OFFICE>GWC 224B</OFFICE><HOURS>MW 4 - 5:30 pm</HOURS></OFFICE_HOURS><OFFICE_HOURS><NAME><FIRST>Huan</FIRST><LAST>Liu</LAST></NAME><OFFICE>GWC 342</OFFICE><HOURS>MWF 8:50 -10:10 am
or by appointment</HOURS></OFFICE_HOURS><OFFICE_HOURS><NAME><FIRST>Stephanie</FIRST><LAST>Ludi</LAST></NAME><OFFICE>GWC 376</OFFICE><HOURS>MW 10:40 am -12:20 pm</HOURS></OFFICE_HOURS><OFFICE_HOURS><NAME><FIRST>Donald</FIRST><LAST>Miller</LAST></NAME><OFFICE>GWC 348</OFFICE><HOURS>W 10 - 11 am
Th  12:10 - 1:10 pm
TTh 8 - 8:30 am (EC G236)</HOURS></OFFICE_HOURS><OFFICE_HOURS><NAME><FIRST>Mutsumi</FIRST><LAST>Nakamura</LAST></NAME><OFFICE>GWC 376</OFFICE><HOURS>MW 10:30 - 11:15 am
F 10:30 am - 12 pm</HOURS></OFFICE_HOURS><OFFICE_HOURS><NAME><FIRST>Faye</FIRST><LAST>Navabi</LAST></NAME><OFFICE>GWC 380</OFFICE><HOURS>MWF 1 - 2:15 pm
T 10:30 - 12 am</HOURS></OFFICE_HOURS><OFFICE_HOURS><NAME><FIRST>Gregory</FIRST><LAST>Nielson</LAST></NAME><OFFICE>GWC 338</OFFICE><HOURS>T 6:30 - 7:30 pm
Th 4:15 - 5:15 pm
Or by appointment</HOURS></OFFICE_HOURS><OFFICE_HOURS><NAME><FIRST>Pearse</FIRST><LAST>O'Grady</LAST></NAME><OFFICE>GWC 206</OFFICE><HOURS>W 2:30 - 3:30 pm</HOURS></OFFICE_HOURS><OFFICE_HOURS><NAME><FIRST>David</FIRST><LAST>Pheanis</LAST></NAME><OFFICE>GWC 318</OFFICE><HOURS>MW 8 - 9 am, 2 - 3 pm, 5 - 6:30 pm
Th 6:30 - 7:30 pm</HOURS></OFFICE_HOURS><OFFICE_HOURS><NAME><FIRST>Perry</FIRST><LAST>Reinert</LAST></NAME><OFFICE>GWC 322</OFFICE><HOURS>TTh 6 - 7 pm</HOURS></OFFICE_HOURS><OFFICE_HOURS><NAME><FIRST>Andrea</FIRST><LAST>Richa</LAST></NAME><OFFICE>GWC 344</OFFICE><HOURS>T 2 - 3:30 pm
W 10:30 - 11:30 am</HOURS></OFFICE_HOURS><OFFICE_HOURS><NAME><FIRST>Chuck</FIRST><LAST>Riden</LAST></NAME><OFFICE>GWC 382</OFFICE><HOURS>MTW 2 - 3 pm
Or by appointment</HOURS></OFFICE_HOURS><OFFICE_HOURS><NAME><FIRST>Mouli</FIRST><LAST>Subramanian</LAST></NAME><OFFICE>GWC 228</OFFICE><HOURS>TTh 6 - 7:30 pm</HOURS></OFFICE_HOURS><OFFICE_HOURS><NAME><FIRST>Wei-Tek</FIRST><LAST>Tsai</LAST></NAME><OFFICE>GWC 356</OFFICE><HOURS>MW 3 - 4 pm</HOURS></OFFICE_HOURS><OFFICE_HOURS><NAME><FIRST>Renee</FIRST><LAST>Turban</LAST></NAME><OFFICE>GWC 328</OFFICE><HOURS>MW 5:50 - 6:50PM</HOURS></OFFICE_HOURS><OFFICE_HOURS><NAME><FIRST>Joseph</FIRST><LAST>Urban</LAST></NAME><OFFICE>GWC 358</OFFICE><HOURS>MW 3 - 4 pm
T 11 am - 12 pm</HOURS></OFFICE_HOURS><OFFICE_HOURS><NAME><FIRST>Susan</FIRST><LAST>Urban</LAST></NAME><OFFICE>GWC 372</OFFICE><HOURS>T 9:15 - 10:15 am
W 1 - 2 pm
Th 9:15 - 10:15 am</HOURS></OFFICE_HOURS><OFFICE_HOURS><NAME><FIRST>Richard</FIRST><LAST>Whitehouse</LAST></NAME><OFFICE>GWC 322</OFFICE><HOURS>MF 1 - 2 pm
TTh 9 - 10 am</HOURS></OFFICE_HOURS><OFFICE_HOURS><NAME><FIRST>Stephen</FIRST><LAST>Yau</LAST></NAME><OFFICE>GWC206</OFFICE><HOURS>TTh 4:30 - 6 pm</HOURS></OFFICE_HOURS></OFFICE_HOURS_LISTING><PHONEBOOK><PHONE><NAME><FIRST>Edward</FIRST><LAST>Ashcroft</LAST></NAME><OFFICE>GWC 320</OFFICE><PHONE>5-7544</PHONE><EMAIL>ed.ashcroft@asu.edu</EMAIL></PHONE><PHONE><NAME><FIRST>Chitta</FIRST><LAST>Baral</LAST></NAME><OFFICE>GWC 366</OFFICE><PHONE>7-6047</PHONE><EMAIL>chitta@asu.edu</EMAIL></PHONE><PHONE><NAME><FIRST>Rida</FIRST><LAST>Bazzi</LAST></NAME><OFFICE>GWC 336</OFFICE><PHONE>5-2796</PHONE><EMAIL>bazzi@asu.edu</EMAIL></PHONE><PHONE><NAME><FIRST>Sourav</FIRST><LAST>Bhattacharya</LAST></NAME><OFFICE>GWC 334</OFFICE><PHONE>5-5190</PHONE><EMAIL>sourav@asu.edu</EMAIL></PHONE><PHONE><NAME><FIRST>Kasim</FIRST><LAST>Candan</LAST></NAME><OFFICE>GWC 370</OFFICE><PHONE>5-2770</PHONE><EMAIL>candan@asu.edu</EMAIL></PHONE><PHONE><NAME><FIRST>Jim</FIRST><LAST>Collofello</LAST></NAME><OFFICE>GWC 310</OFFICE><PHONE>5-3733</PHONE><EMAIL>james.collofello@asu.edu</EMAIL></PHONE><PHONE><NAME><FIRST>Partha</FIRST><LAST>Dasgupta</LAST></NAME><OFFICE>GWC 326</OFFICE><PHONE>5-5583</PHONE><EMAIL>partha.dasgupta@asu.edu</EMAIL></PHONE><PHONE><NAME><FIRST>Joseph</FIRST><LAST>DeLibero</LAST></NAME><OFFICE>GWC 382</OFFICE><PHONE>5-1493</PHONE><EMAIL>joseph.delibero@asu.edu</EMAIL></PHONE><PHONE><NAME><FIRST>Suzanne</FIRST><LAST>Dietrich</LAST></NAME><OFFICE>GWC 368</OFFICE><PHONE>5-2786</PHONE><EMAIL>dietrich@asu.edu</EMAIL></PHONE><PHONE><NAME><FIRST>Leonard</FIRST><LAST>Faltz</LAST></NAME><OFFICE>GWC 314</OFFICE><PHONE>5-1581</PHONE><EMAIL>faltz@asu.edu</EMAIL></PHONE><PHONE><NAME><FIRST>Gerald</FIRST><LAST>Farin</LAST></NAME><OFFICE>GWC 340</OFFICE><PHONE>5-5142</PHONE><EMAIL>farin@asu.edu</EMAIL></PHONE><PHONE><NAME><FIRST>Nicholas</FIRST><LAST>Findler</LAST></NAME><OFFICE>GWC 311</OFFICE><PHONE>5-5934</PHONE><EMAIL>nicholas.findler@asu.edu</EMAIL></PHONE><PHONE><NAME><FIRST>Barbara</FIRST><LAST>Gannod</LAST></NAME><OFFICE>GWC 378</OFFICE><PHONE>5-1757</PHONE><EMAIL>bgannod@asu.edu</EMAIL></PHONE><PHONE><NAME><FIRST>Gerald</FIRST><LAST>Gannod</LAST></NAME><OFFICE>GWC 324</OFFICE><PHONE>7-4475</PHONE><EMAIL>ggannod@asu.edu</EMAIL></PHONE><PHONE><NAME><FIRST>Sumit</FIRST><LAST>Ghosh</LAST></NAME><OFFICE>GWC 206</OFFICE><PHONE>5-3190</PHONE><EMAIL>sumit.ghosh@asu.edu</EMAIL></PHONE><PHONE><NAME><FIRST>Forouzan</FIRST><LAST>Golshani</LAST></NAME><OFFICE>GWC 351</OFFICE><PHONE>5-2855</PHONE><EMAIL>golshani@asu.edu</EMAIL></PHONE><PHONE><NAME><FIRST>Ben</FIRST><LAST>Huey</LAST></NAME><OFFICE>ECG 107</OFFICE><PHONE>7-6476</PHONE><EMAIL>ben.huey@asu.edu</EMAIL></PHONE><PHONE><NAME><FIRST>Rao</FIRST><LAST>Kambhampati</LAST></NAME><OFFICE>GWC 374</OFFICE><PHONE>5-0113</PHONE><EMAIL>rao@asu.edu</EMAIL></PHONE><PHONE><NAME><FIRST>Goran</FIRST><LAST>Konjevod</LAST></NAME><OFFICE>GWC 312</OFFICE><PHONE>5-2783</PHONE><EMAIL>goran.konjevod@asu.edu</EMAIL></PHONE><PHONE><NAME><FIRST>William</FIRST><LAST>Lewis</LAST></NAME><OFFICE>CPCOM 462</OFFICE><PHONE>5-0699</PHONE><EMAIL>william.lewis@asu.edu</EMAIL></PHONE><PHONE><NAME><FIRST>Huan</FIRST><LAST>Liu</LAST></NAME><OFFICE>GWC 342</OFFICE><PHONE>7-7349</PHONE><EMAIL>Huan.Liu@asu.edu</EMAIL></PHONE><PHONE><NAME><FIRST>Donald</FIRST><LAST>Miller</LAST></NAME><OFFICE>GWC 348</OFFICE><PHONE>5-5935</PHONE><EMAIL>donald.miller@asu.edu</EMAIL></PHONE><PHONE><NAME><FIRST>Faye</FIRST><LAST>Navabi</LAST></NAME><OFFICE>GWC 380</OFFICE><PHONE>5-3228</PHONE><EMAIL>navabi@asu.edu</EMAIL></PHONE><PHONE><NAME><FIRST>Gregory</FIRST><LAST>Nielson</LAST></NAME><OFFICE>GWC 338</OFFICE><PHONE>5-2785</PHONE><EMAIL>nielson@asu.edu</EMAIL></PHONE><PHONE><NAME><FIRST>David</FIRST><LAST>Pheanis</LAST></NAME><OFFICE>GWC 318</OFFICE><PHONE>5-7389</PHONE><EMAIL>pheanis@asu.edu</EMAIL></PHONE><PHONE><NAME><FIRST>Andrea</FIRST><LAST>Richa</LAST></NAME><OFFICE>GWC 344</OFFICE><PHONE>5-7555</PHONE><EMAIL>aricha@asu.edu</EMAIL></PHONE><PHONE><NAME><FIRST>Earl</FIRST><LAST>Robbins</LAST></NAME><OFFICE>GWC 354</OFFICE><PHONE>7-6910</PHONE><EMAIL>earl.robbins@asu.edu</EMAIL></PHONE><PHONE><NAME><FIRST>Arunabha</FIRST><LAST>Sen</LAST></NAME><OFFICE>GWC 347</OFFICE><PHONE>5-6153</PHONE><EMAIL>arunabha.sen@asu.edu</EMAIL></PHONE><PHONE><NAME><FIRST>Joseph</FIRST><LAST>Urban</LAST></NAME><OFFICE>GWC 358</OFFICE><PHONE>5-3374</PHONE><EMAIL>urban@asu.edu</EMAIL></PHONE><PHONE><NAME><FIRST>Susan</FIRST><LAST>Urban</LAST></NAME><OFFICE>GWC 372</OFFICE><PHONE>5-2784</PHONE><EMAIL>s.urban@asu.edu</EMAIL></PHONE><PHONE><NAME><FIRST>Michael</FIRST><LAST>Wagner</LAST></NAME><OFFICE>GWC 346</OFFICE><PHONE>5-1735</PHONE><EMAIL>wagner@asu.edu</EMAIL></PHONE><PHONE><NAME><FIRST>Richard</FIRST><LAST>Whitehouse</LAST></NAME><OFFICE>GWC 322</OFFICE><PHONE>5-3983</PHONE><EMAIL>row@asu.edu</EMAIL></PHONE><PHONE><NAME><FIRST>Marvin</FIRST><LAST>Woodfill</LAST></NAME><OFFICE>GWC 316</OFFICE><PHONE>5-3689</PHONE><EMAIL>marvin.woodfill@asu.edu</EMAIL></PHONE><PHONE><NAME><FIRST>Stephen</FIRST><LAST>Yau</LAST></NAME><OFFICE>GWC 206C</OFFICE><PHONE>5-3190</PHONE><EMAIL>yau@asu.edu</EMAIL></PHONE></PHONEBOOK></THINGS>